{"mu": [6.833333333333333, 4.75, -1.0], "sigma": [3.4359213646813838, 5.45244594431853, 2.2360679874997897]}